{
	"actors":	[{
			"class":	"ACTOR",
			"X":	-317.85487365722656,
			"Y":	-83.075790405273438,
			"HP":	76
		}, {
			"class":	"ACTOR",
			"X":	185.53910827636719,
			"Y":	495.73133850097656,
			"HP":	35
		}, {
			"class":	"ACTOR",
			"X":	-393.44566345214844,
			"Y":	150.44734191894531,
			"HP":	11
		}]
}